{"mega2560":{"FreeSixIMU.h":{"AllObj":["!DFScratch/extensions/Nick-FreeSixIMU-thirdex/arduinoC/libraries/FreeSixIMU-master/mega2560/CommunicationUtils.cpp.o","!DFScratch/extensions/Nick-FreeSixIMU-thirdex/arduinoC/libraries/FreeSixIMU-master/mega2560/FIMU_ADXL345.cpp.o","!DFScratch/extensions/Nick-FreeSixIMU-thirdex/arduinoC/libraries/FreeSixIMU-master/mega2560/FIMU_ITG3200.cpp.o","!DFScratch/extensions/Nick-FreeSixIMU-thirdex/arduinoC/libraries/FreeSixIMU-master/mega2560/FreeSixIMU.cpp.o","\\arduino\\hardware\\arduino\\avr\\libraries\\Wire\\mega2560\\Wire.cpp.o","\\arduino\\hardware\\arduino\\avr\\libraries\\Wire\\utility\\mega2560\\twi.c.o"],"AllIncludes":["/arduino/hardware/arduino/avr/cores/arduino","/arduino/hardware/arduino/avr/variants/mega","!DFScratch/extensions/Nick-FreeSixIMU-thirdex/arduinoC/libraries/FreeSixIMU-master","/arduino/hardware/arduino/avr/libraries/Wire"]},"FIMU_ADXL345.h":{"AllObj":["!DFScratch/extensions/Nick-FreeSixIMU-thirdex/arduinoC/libraries/FreeSixIMU-master/mega2560/CommunicationUtils.cpp.o","!DFScratch/extensions/Nick-FreeSixIMU-thirdex/arduinoC/libraries/FreeSixIMU-master/mega2560/FIMU_ADXL345.cpp.o","!DFScratch/extensions/Nick-FreeSixIMU-thirdex/arduinoC/libraries/FreeSixIMU-master/mega2560/FIMU_ITG3200.cpp.o","!DFScratch/extensions/Nick-FreeSixIMU-thirdex/arduinoC/libraries/FreeSixIMU-master/mega2560/FreeSixIMU.cpp.o","\\arduino\\hardware\\arduino\\avr\\libraries\\Wire\\mega2560\\Wire.cpp.o","\\arduino\\hardware\\arduino\\avr\\libraries\\Wire\\utility\\mega2560\\twi.c.o"],"AllIncludes":["/arduino/hardware/arduino/avr/cores/arduino","/arduino/hardware/arduino/avr/variants/mega","!DFScratch/extensions/Nick-FreeSixIMU-thirdex/arduinoC/libraries/FreeSixIMU-master","/arduino/hardware/arduino/avr/libraries/Wire"]},"FIMU_ITG3200.h":{"AllObj":["!DFScratch/extensions/Nick-FreeSixIMU-thirdex/arduinoC/libraries/FreeSixIMU-master/mega2560/CommunicationUtils.cpp.o","!DFScratch/extensions/Nick-FreeSixIMU-thirdex/arduinoC/libraries/FreeSixIMU-master/mega2560/FIMU_ADXL345.cpp.o","!DFScratch/extensions/Nick-FreeSixIMU-thirdex/arduinoC/libraries/FreeSixIMU-master/mega2560/FIMU_ITG3200.cpp.o","!DFScratch/extensions/Nick-FreeSixIMU-thirdex/arduinoC/libraries/FreeSixIMU-master/mega2560/FreeSixIMU.cpp.o","\\arduino\\hardware\\arduino\\avr\\libraries\\Wire\\mega2560\\Wire.cpp.o","\\arduino\\hardware\\arduino\\avr\\libraries\\Wire\\utility\\mega2560\\twi.c.o"],"AllIncludes":["/arduino/hardware/arduino/avr/cores/arduino","/arduino/hardware/arduino/avr/variants/mega","!DFScratch/extensions/Nick-FreeSixIMU-thirdex/arduinoC/libraries/FreeSixIMU-master","/arduino/hardware/arduino/avr/libraries/Wire"]}}}